PARAM,AVG_TIME,RUN,FAILED,NB_INSTANCES
20,66.19081896677179ms,1,5,0
20,50.61576202684961ms,2,9,0
20,52.25619807037742ms,3,9,0
40,153.3911398449061ms,1,5,0
40,58.22255233299034ms,2,9,0
40,45.59814006778816ms,3,8,0
60,132.95275336604777ms,1,0,0
60,50.70450192309429ms,2,6,0
60,50.47510002662026ms,3,6,0
